{"cameraMode":{"drawMode":0,"name":"Shaded","section":"Shading Mode"},"sceneLighting":false,"audioPlay":false,"sceneViewState":{"m_AlwaysRefresh":false,"showFog":true,"showSkybox":false,"showFlares":true,"showImageEffects":true,"showParticleSystems":true,"showVisualEffectGraphs":true,"m_FxEnabled":true},"in2DMode":false,"pivot":{"x":6.1997528076171879,"y":67.02415466308594,"z":69.76949310302735},"rotation":{"x":0.18262603878974915,"y":0.05011836439371109,"z":-0.009322049096226693,"w":0.9818611145019531},"size":55.864742279052737,"orthographic":false}