{"cameraMode":{"drawMode":0,"name":"Shaded","section":"Shading Mode"},"sceneLighting":true,"audioPlay":false,"sceneViewState":{"m_AlwaysRefresh":false,"showFog":true,"showSkybox":true,"showFlares":true,"showImageEffects":true,"showParticleSystems":true,"showVisualEffectGraphs":true,"m_FxEnabled":true},"in2DMode":false,"pivot":{"x":65.5674819946289,"y":1.5766983032226563,"z":99.97039031982422},"rotation":{"x":0.25745704770088198,"y":-0.008696329779922963,"z":0.0023175065871328117,"w":0.9662548303604126},"size":41.25627899169922,"orthographic":false}