{"cameraMode":{"drawMode":0,"name":"Shaded","section":"Shading Mode"},"sceneLighting":true,"audioPlay":false,"sceneViewState":{"m_AlwaysRefresh":false,"showFog":true,"showSkybox":true,"showFlares":true,"showImageEffects":true,"showParticleSystems":true,"showVisualEffectGraphs":true,"m_FxEnabled":true},"in2DMode":false,"pivot":{"x":281.1621398925781,"y":-7.588592529296875,"z":251.4927978515625},"rotation":{"x":0.06684768199920654,"y":-0.004489714279770851,"z":0.00030069847707636654,"w":0.9977523684501648},"size":161.6790313720703,"orthographic":false}