{"cameraMode":{"drawMode":0,"name":"Shaded","section":"Shading Mode"},"sceneLighting":true,"audioPlay":false,"sceneViewState":{"m_AlwaysRefresh":false,"showFog":true,"showSkybox":true,"showFlares":true,"showImageEffects":true,"showParticleSystems":true,"showVisualEffectGraphs":true,"m_FxEnabled":true},"in2DMode":false,"pivot":{"x":284.3948974609375,"y":8.087984085083008,"z":-420.11285400390627},"rotation":{"x":0.014669152908027172,"y":0.9744209051132202,"z":-0.06675297766923905,"w":0.21411292254924775},"size":66.87246704101563,"orthographic":false}