{"cameraMode":{"drawMode":0,"name":"Shaded","section":"Shading Mode"},"sceneLighting":true,"audioPlay":false,"sceneViewState":{"m_AlwaysRefresh":false,"showFog":true,"showSkybox":true,"showFlares":true,"showImageEffects":true,"showParticleSystems":true,"showVisualEffectGraphs":true,"m_FxEnabled":true},"in2DMode":false,"pivot":{"x":210.26300048828126,"y":-462.7635803222656,"z":-794.9293212890625},"rotation":{"x":-0.007498552557080984,"y":0.01999751105904579,"z":0.00014849044964648783,"w":0.9997802972793579},"size":76.2527084350586,"orthographic":true}