{"cameraMode":{"drawMode":0,"name":"Shaded","section":"Shading Mode"},"sceneLighting":true,"audioPlay":false,"sceneViewState":{"m_AlwaysRefresh":false,"showFog":true,"showSkybox":true,"showFlares":true,"showImageEffects":true,"showParticleSystems":true,"showVisualEffectGraphs":true,"m_FxEnabled":true},"in2DMode":false,"pivot":{"x":228.2504425048828,"y":-490.8731994628906,"z":-772.2930908203125},"rotation":{"x":-0.007498552557080984,"y":0.01999751105904579,"z":0.00014849044964648783,"w":0.9997802972793579},"size":98.5271987915039,"orthographic":true}